Datetime,T2M,QGRU
08-05-2025 01:00:00,27.6,27.936524578264763
08-05-2025 02:00:00,28.13333333,27.930705179596483
08-05-2025 03:00:00,28.66666667,28.937344290382544
08-05-2025 04:00:00,29.2,30.66581684421005
08-05-2025 05:00:00,31.93333333,31.207759444895544
08-05-2025 06:00:00,34.66666667,33.95106922132916
08-05-2025 07:00:00,37.4,38.27593150532218
08-05-2025 08:00:00,38.4,38.57886033252162
08-05-2025 09:00:00,39.4,38.07363879401607
08-05-2025 10:00:00,40.4,40.28457435074883
08-05-2025 11:00:00,40.0,39.6458657424127
08-05-2025 12:00:00,39.6,38.435423700514704
08-05-2025 13:00:00,39.2,40.223408334887665
08-05-2025 14:00:00,37.36666667,35.24676962405352
08-05-2025 15:00:00,35.53333333,33.506581018200656
08-05-2025 16:00:00,33.7,32.56342916467011
08-05-2025 17:00:00,32.96666667,31.884611010159603
08-05-2025 18:00:00,32.23333333,32.14608784235148
08-05-2025 19:00:00,31.5,30.344453864009896
08-05-2025 20:00:00,30.76666667,29.841371680569765
08-05-2025 21:00:00,30.03333333,31.347238938772335
08-05-2025 22:00:00,29.3,29.190089413145877
08-05-2025 23:00:00,28.9,28.55619983735987
09-05-2025 00:00:00,28.5,26.766760509019186
09-05-2025 01:00:00,28.1,27.82311380253163
09-05-2025 02:00:00,29.03333333,28.756317602199655
09-05-2025 03:00:00,29.96666667,29.076726322821482
09-05-2025 04:00:00,30.9,31.298883327233412
09-05-2025 05:00:00,32.36666667,31.30792588313219
09-05-2025 06:00:00,33.83333333,33.495623087699094
09-05-2025 07:00:00,35.3,34.75314307911405
09-05-2025 08:00:00,34.4,36.34083276078264
09-05-2025 09:00:00,33.5,32.708422985047555
09-05-2025 10:00:00,32.6,30.997001385969345
09-05-2025 11:00:00,31.7,32.266688824962685
09-05-2025 12:00:00,30.8,29.254059329440913
09-05-2025 13:00:00,29.9,30.09480977357163
09-05-2025 14:00:00,28.23333333,25.993643664902994
09-05-2025 15:00:00,26.56666667,24.599612638911363
09-05-2025 16:00:00,24.9,25.025732061195427
09-05-2025 17:00:00,24.7,25.460921778837644
09-05-2025 18:00:00,24.5,24.644677341428913
09-05-2025 19:00:00,24.3,24.268132644602485
09-05-2025 20:00:00,23.9,23.609177997973546
09-05-2025 21:00:00,23.5,21.865521720067456
09-05-2025 22:00:00,23.1,22.14997369060916
09-05-2025 23:00:00,22.76666667,21.726984593186195
10-05-2025 00:00:00,22.43333333,23.494561242809304
10-05-2025 01:00:00,22.1,22.352634466331654
10-05-2025 02:00:00,23.26666667,21.285472201228004
10-05-2025 03:00:00,24.43333333,24.284412362688965
10-05-2025 04:00:00,25.6,24.723385926064946
10-05-2025 05:00:00,28.43333333,27.81143027946166
10-05-2025 06:00:00,31.26666667,31.679185789894273
10-05-2025 07:00:00,34.1,35.187381185000504
10-05-2025 08:00:00,34.2,34.95402207537655
10-05-2025 09:00:00,34.3,33.16876755779717
10-05-2025 10:00:00,34.4,34.150181599250246
10-05-2025 11:00:00,34.26666667,34.19170164131214
10-05-2025 12:00:00,34.13333333,34.958481118405196
10-05-2025 13:00:00,34.0,33.08407323569031
10-05-2025 14:00:00,32.76666667,32.187217388884875
10-05-2025 15:00:00,31.53333333,30.028184548012504
10-05-2025 16:00:00,30.3,28.875659583819385
10-05-2025 17:00:00,29.7,30.205680084021427
10-05-2025 18:00:00,29.1,30.705091644859586
10-05-2025 19:00:00,28.5,27.95790599984034
10-05-2025 20:00:00,27.56666667,28.38333985444597
10-05-2025 21:00:00,26.63333333,26.706614073222344
10-05-2025 22:00:00,25.7,25.205366055088614
10-05-2025 23:00:00,25.7,25.950229898758433
11-05-2025 00:00:00,25.7,27.421299384925632
11-05-2025 01:00:00,25.7,25.08770800610621
11-05-2025 02:00:00,26.06666667,27.614771554300127
11-05-2025 03:00:00,26.43333333,23.691978956748855
11-05-2025 04:00:00,26.8,27.50364002295213
11-05-2025 05:00:00,29.33333333,29.5316427103744
11-05-2025 06:00:00,31.86666667,31.15018916430436
11-05-2025 07:00:00,34.4,34.74188046562376
11-05-2025 08:00:00,35.26666667,33.71983213887534
11-05-2025 09:00:00,36.13333333,35.504785731848465
11-05-2025 10:00:00,37.0,36.9449942763235
11-05-2025 11:00:00,36.66666667,38.51689037187299
11-05-2025 12:00:00,36.33333333,36.102331408148345
11-05-2025 13:00:00,36.0,34.687405813788665
11-05-2025 14:00:00,34.6,33.667679397520025
11-05-2025 15:00:00,33.2,33.839366888373156
11-05-2025 16:00:00,31.8,31.485258871233036
11-05-2025 17:00:00,31.0,29.922140631207828
11-05-2025 18:00:00,30.2,30.219663312001607
11-05-2025 19:00:00,29.4,29.061152219922256
11-05-2025 20:00:00,29.06666667,29.8774819721633
11-05-2025 21:00:00,28.73333333,27.846438815619788
11-05-2025 22:00:00,28.4,28.293470223513758
11-05-2025 23:00:00,28.13333333,27.226735091363196
12-05-2025 00:00:00,27.86666667,26.38579605361305
12-05-2025 01:00:00,27.6,27.65557083095952
12-05-2025 02:00:00,28.13333333,28.19362132162742
12-05-2025 03:00:00,28.66666667,28.661458405989187
12-05-2025 04:00:00,29.2,28.4056473269993
12-05-2025 05:00:00,30.0,28.39269910718491
12-05-2025 06:00:00,30.8,30.181480869053072
12-05-2025 07:00:00,31.6,31.164778674923454
12-05-2025 08:00:00,32.53333333,31.539488137963822
12-05-2025 09:00:00,33.46666667,33.8884494484684
12-05-2025 10:00:00,34.4,34.35829924475144
12-05-2025 11:00:00,34.46666667,36.03950316844387
12-05-2025 12:00:00,34.53333333,34.25060909740301
12-05-2025 13:00:00,34.6,34.42851940851761
12-05-2025 14:00:00,33.13333333,32.599663938901784
12-05-2025 15:00:00,31.66666667,29.777558519170327
12-05-2025 16:00:00,30.2,30.389550819766495
12-05-2025 17:00:00,29.26666667,28.949235480944072
12-05-2025 18:00:00,28.33333333,30.511197639464562
12-05-2025 19:00:00,27.4,27.128331569076856
12-05-2025 20:00:00,27.0,26.974128304860283
12-05-2025 21:00:00,26.6,26.54181852769276
12-05-2025 22:00:00,26.2,24.82023055298583
12-05-2025 23:00:00,25.66666667,26.30215742748338
13-05-2025 00:00:00,25.13333333,26.147602643110314
13-05-2025 01:00:00,24.6,25.71349171900997
13-05-2025 02:00:00,26.33333333,25.010515593031425
13-05-2025 03:00:00,28.06666667,29.246554384428244
13-05-2025 04:00:00,29.8,28.178506149997347
13-05-2025 05:00:00,31.6,32.10373182857952
13-05-2025 06:00:00,33.4,35.7142753728695
13-05-2025 07:00:00,35.2,34.610302296375345
13-05-2025 08:00:00,36.53333333,35.60042113319633
13-05-2025 09:00:00,37.86666667,37.39150304814393
13-05-2025 10:00:00,39.2,37.830616708975384
13-05-2025 11:00:00,39.0,36.77705728037485
13-05-2025 12:00:00,38.8,38.579307364696064
13-05-2025 13:00:00,38.6,37.894167305248054
13-05-2025 14:00:00,34.46666667,34.540195945524935
13-05-2025 15:00:00,30.33333333,29.204029707094296
13-05-2025 16:00:00,26.2,27.65631900284519
13-05-2025 17:00:00,26.4,25.6941153708899
13-05-2025 18:00:00,26.6,26.748179100429326
13-05-2025 19:00:00,26.8,27.327614841495425
13-05-2025 20:00:00,26.53333333,24.898825530750436
13-05-2025 21:00:00,26.26666667,26.59772428785302
13-05-2025 22:00:00,26.0,27.383921129716295
13-05-2025 23:00:00,25.66666667,24.25147593571492
14-05-2025 00:00:00,25.33333333,25.497071849704113
14-05-2025 01:00:00,25.0,25.004503741982926
14-05-2025 02:00:00,25.86666667,26.667317204788137
14-05-2025 03:00:00,26.73333333,25.52434895230287
14-05-2025 04:00:00,27.6,26.22472051229558
14-05-2025 05:00:00,30.5,30.9924255129519
14-05-2025 06:00:00,33.4,33.83689830544356
14-05-2025 07:00:00,36.3,36.73576830931519
14-05-2025 08:00:00,36.9,37.52060098379016
14-05-2025 09:00:00,37.5,36.75211922861123
14-05-2025 10:00:00,38.1,38.00697453018646
14-05-2025 11:00:00,38.06666667,38.160173841843985
14-05-2025 12:00:00,38.03333333,37.46429598207093
14-05-2025 13:00:00,38.0,39.395992308843766
14-05-2025 14:00:00,36.36666667,36.74446566012988
14-05-2025 15:00:00,34.73333333,33.074796470531666
14-05-2025 16:00:00,33.1,33.56929780837004
14-05-2025 17:00:00,32.03333333,31.180319237679615
14-05-2025 18:00:00,30.96666667,31.640864753193558
14-05-2025 19:00:00,29.9,30.93140323665777
14-05-2025 20:00:00,28.83333333,27.352270450747664
14-05-2025 21:00:00,27.76666667,28.802227793795726
14-05-2025 22:00:00,26.7,27.121595989793164
14-05-2025 23:00:00,26.03333333,27.292928200052476
15-05-2025 00:00:00,25.36666667,27.12329813572796
15-05-2025 01:00:00,24.7,24.315088717877337
15-05-2025 02:00:00,26.43333333,25.506638470086422
15-05-2025 03:00:00,28.16666667,27.467656399334007
15-05-2025 04:00:00,29.9,28.786145943944696
15-05-2025 05:00:00,31.96666667,31.744053171507232
15-05-2025 06:00:00,34.03333333,34.36077613704577
15-05-2025 07:00:00,36.1,36.20199440115658
15-05-2025 08:00:00,37.23333333,37.67571889238945
15-05-2025 09:00:00,38.36666667,38.178742769107515
15-05-2025 10:00:00,39.5,41.193145213990064
15-05-2025 11:00:00,39.1,38.12728804911254
15-05-2025 12:00:00,38.7,41.368612460310324
15-05-2025 13:00:00,38.3,38.41647504732621
15-05-2025 14:00:00,36.5,35.76693466025607
15-05-2025 15:00:00,34.7,32.77136814137774
15-05-2025 16:00:00,32.9,32.98873543553582
15-05-2025 17:00:00,31.23333333,30.88929449404356
15-05-2025 18:00:00,29.56666667,30.583679774746358
15-05-2025 19:00:00,27.9,28.183383703567664
15-05-2025 20:00:00,27.23333333,26.80503910505858
15-05-2025 21:00:00,26.56666667,25.98108856385867
15-05-2025 22:00:00,25.9,23.718404763704914
15-05-2025 23:00:00,25.5,24.269965496701502
16-05-2025 00:00:00,25.1,25.94254117075352
16-05-2025 01:00:00,24.7,24.623159506925163
16-05-2025 02:00:00,26.4,24.60852069955569
16-05-2025 03:00:00,28.1,28.283525424394107
16-05-2025 04:00:00,29.8,30.0685707654058
16-05-2025 05:00:00,32.73333333,31.36776301101556
16-05-2025 06:00:00,35.66666667,35.108022860234556
16-05-2025 07:00:00,38.6,38.725249327977224
16-05-2025 08:00:00,39.2,37.958736342519025
16-05-2025 09:00:00,39.8,39.85294951994086
16-05-2025 10:00:00,40.4,41.46351040117578
16-05-2025 11:00:00,39.46666667,39.90490573397711
16-05-2025 12:00:00,38.53333333,38.778876711883164
16-05-2025 13:00:00,37.6,35.59669189106866
16-05-2025 14:00:00,35.66666667,34.39365409055848
16-05-2025 15:00:00,33.73333333,34.12117327896905
16-05-2025 16:00:00,31.8,32.03900782594859
16-05-2025 17:00:00,30.46666667,30.903733469624175
16-05-2025 18:00:00,29.13333333,32.65385993942544
16-05-2025 19:00:00,27.8,28.61487030772928
16-05-2025 20:00:00,27.2,28.189561461284477
16-05-2025 21:00:00,26.6,27.725523623965817
16-05-2025 22:00:00,26.0,26.596066728786912
16-05-2025 23:00:00,25.4,24.998554484727258
17-05-2025 00:00:00,24.8,25.572355276000227
17-05-2025 01:00:00,24.2,23.312267260433334
17-05-2025 02:00:00,25.93333333,25.663078013969017
17-05-2025 03:00:00,27.66666667,27.323697620065463
17-05-2025 04:00:00,29.4,29.3332579042135
17-05-2025 05:00:00,32.33333333,34.79700730601582
17-05-2025 06:00:00,35.26666667,32.99131668487132
17-05-2025 07:00:00,38.2,39.21378791820593
17-05-2025 08:00:00,38.93333333,36.666891978434634
17-05-2025 09:00:00,39.66666667,39.6037352741945
17-05-2025 10:00:00,40.4,41.25072718585609
17-05-2025 11:00:00,40.06666667,39.262391313752914
17-05-2025 12:00:00,39.73333333,38.35024002717198
17-05-2025 13:00:00,39.4,38.08058976411573
17-05-2025 14:00:00,37.46666667,38.239531403408456
17-05-2025 15:00:00,35.53333333,34.26288900134114
17-05-2025 16:00:00,33.6,33.434988742723945
17-05-2025 17:00:00,31.26666667,30.488262591035536
17-05-2025 18:00:00,28.93333333,27.897202071669994
17-05-2025 19:00:00,26.6,28.034619468664946
17-05-2025 20:00:00,26.0,26.06808939948724
17-05-2025 21:00:00,25.4,23.25647105494602
17-05-2025 22:00:00,24.8,25.017274498123673
17-05-2025 23:00:00,24.33333333,23.55796170802113
18-05-2025 00:00:00,23.86666667,24.366916443342554
18-05-2025 01:00:00,23.4,22.375554566150072
18-05-2025 02:00:00,25.66666667,25.357889185173462
18-05-2025 03:00:00,27.93333333,27.939905066944682
18-05-2025 04:00:00,30.2,31.36501261426618
18-05-2025 05:00:00,33.06666667,31.844537593822018
18-05-2025 06:00:00,35.93333333,35.23655016728926
18-05-2025 07:00:00,38.8,38.02430791557328
18-05-2025 08:00:00,39.26666667,38.37027198446384
18-05-2025 09:00:00,39.73333333,40.50071991600775
18-05-2025 10:00:00,40.2,40.239402161993496
18-05-2025 11:00:00,40.06666667,38.156556660421714
18-05-2025 12:00:00,39.93333333,40.21504398182429
18-05-2025 13:00:00,39.8,41.65785848666766
18-05-2025 14:00:00,37.6,39.114660462763474
18-05-2025 15:00:00,35.4,33.75695916754846
18-05-2025 16:00:00,33.2,32.251464045696885
18-05-2025 17:00:00,31.26666667,32.57144336074961
18-05-2025 18:00:00,29.33333333,28.785091173804283
18-05-2025 19:00:00,27.4,27.93195437501399
18-05-2025 20:00:00,26.66666667,27.31468909309975
18-05-2025 21:00:00,25.93333333,24.58821652018897
18-05-2025 22:00:00,25.2,25.13324092104098
18-05-2025 23:00:00,24.66666667,21.135915612480243
19-05-2025 00:00:00,24.13333333,23.087753614047436
19-05-2025 01:00:00,23.6,23.312782550650038
19-05-2025 02:00:00,25.46666667,24.2257076540812
19-05-2025 03:00:00,27.33333333,28.724882371272038
19-05-2025 04:00:00,29.2,27.857266822672532
19-05-2025 05:00:00,31.93333333,31.297998993538158
19-05-2025 06:00:00,34.66666667,35.28668776852775
19-05-2025 07:00:00,37.4,38.40192842668947
19-05-2025 08:00:00,38.06666667,36.93454565268523
19-05-2025 09:00:00,38.73333333,39.76957300859122
19-05-2025 10:00:00,39.4,38.86494673781539
19-05-2025 11:00:00,39.2,37.67858332443915
19-05-2025 12:00:00,39.0,39.08289380624436
19-05-2025 13:00:00,38.8,38.89867129215521
19-05-2025 14:00:00,36.73333333,36.02389175901778
19-05-2025 15:00:00,34.66666667,34.288006708022536
19-05-2025 16:00:00,32.6,31.9458802089773
19-05-2025 17:00:00,32.13333333,32.72176649921384
19-05-2025 18:00:00,31.66666667,32.698874273508125
19-05-2025 19:00:00,31.2,32.80139454751074
19-05-2025 20:00:00,30.6,29.072572686680967
19-05-2025 21:00:00,30.0,32.09066952736836
19-05-2025 22:00:00,29.4,27.292349104003357
19-05-2025 23:00:00,28.2,27.5411087973265
20-05-2025 00:00:00,27.0,27.36040593812536
20-05-2025 01:00:00,25.8,25.474776024352554
20-05-2025 02:00:00,27.36666667,26.616804823807364
20-05-2025 03:00:00,28.93333333,28.692866236161628
20-05-2025 04:00:00,30.5,29.604621684969327
20-05-2025 05:00:00,32.96666667,32.628360194374615
20-05-2025 06:00:00,35.43333333,35.63997042058929
20-05-2025 07:00:00,37.9,37.44163982613115
20-05-2025 08:00:00,39.1,38.16870452454992
20-05-2025 09:00:00,40.3,41.395444493922994
20-05-2025 10:00:00,41.5,42.237662894813546
20-05-2025 11:00:00,41.43333333,41.80579548751637
20-05-2025 12:00:00,41.36666667,42.191602250156755
20-05-2025 13:00:00,41.3,40.10249519293522
20-05-2025 14:00:00,38.7,37.7557381650114
20-05-2025 15:00:00,36.1,36.95892940964936
20-05-2025 16:00:00,33.5,34.12977426734454
20-05-2025 17:00:00,31.9,31.135653322313495
20-05-2025 18:00:00,30.3,30.66068659399187
20-05-2025 19:00:00,28.7,30.25550234345771
20-05-2025 20:00:00,28.1,27.088132867775535
20-05-2025 21:00:00,27.5,27.99425062272851
20-05-2025 22:00:00,26.9,26.625267500432745
20-05-2025 23:00:00,26.16666667,25.814969131378398
21-05-2025 00:00:00,25.43333333,26.276897210051
21-05-2025 01:00:00,24.7,25.231448970823383
21-05-2025 02:00:00,26.4,27.068311567961807
21-05-2025 03:00:00,28.1,29.621781497855054
21-05-2025 04:00:00,29.8,29.771530977382326
21-05-2025 05:00:00,33.73333333,34.088290557717244
21-05-2025 06:00:00,37.66666667,37.35947181617287
21-05-2025 07:00:00,41.6,40.43929204630906
21-05-2025 08:00:00,42.2,42.24919185344566
21-05-2025 09:00:00,42.8,41.836573100599466
21-05-2025 10:00:00,43.4,43.559837802772506
21-05-2025 11:00:00,43.33333333,41.65539661298082
21-05-2025 12:00:00,43.26666667,44.61191743829487
21-05-2025 13:00:00,43.2,42.32639242931893
21-05-2025 14:00:00,40.4,38.622916344573355
21-05-2025 15:00:00,37.6,38.69358589678901
21-05-2025 16:00:00,34.8,35.37458064244772
21-05-2025 17:00:00,33.4,33.98494120500345
21-05-2025 18:00:00,32.0,32.462539419979834
21-05-2025 19:00:00,30.6,29.966400261854623
21-05-2025 20:00:00,29.66666667,28.797305032341125
21-05-2025 21:00:00,28.73333333,28.46193018643567
21-05-2025 22:00:00,27.8,26.437891372861934
21-05-2025 23:00:00,27.53333333,28.25251612028071
22-05-2025 00:00:00,27.26666667,27.3289611268443
22-05-2025 01:00:00,27.0,26.15920425667145
22-05-2025 02:00:00,29.06666667,28.41117718589216
22-05-2025 03:00:00,31.13333333,31.237217443927072
22-05-2025 04:00:00,33.2,32.251076293027594
22-05-2025 05:00:00,35.6,35.21888337530631
22-05-2025 06:00:00,38.0,38.13220111230279
22-05-2025 07:00:00,40.4,40.54529669893349
22-05-2025 08:00:00,41.66666667,41.26210170997621
22-05-2025 09:00:00,42.93333333,42.2255618170308
22-05-2025 10:00:00,44.2,44.01097640920332
22-05-2025 11:00:00,43.86666667,41.92004458864319
22-05-2025 12:00:00,43.53333333,41.68825904073123
22-05-2025 13:00:00,43.2,42.10628467992201
22-05-2025 14:00:00,40.6,40.379508042427965
22-05-2025 15:00:00,38.0,38.07625949625077
22-05-2025 16:00:00,35.4,36.978510608442924
22-05-2025 17:00:00,35.66666667,36.292578510454
22-05-2025 18:00:00,35.93333333,35.53188069146579
22-05-2025 19:00:00,36.2,35.18237517078467
22-05-2025 20:00:00,35.46666667,34.47321599265944
22-05-2025 21:00:00,34.73333333,34.584777009958565
22-05-2025 22:00:00,34.0,33.791790147056815
22-05-2025 23:00:00,32.66666667,31.811913376112557
23-05-2025 00:00:00,31.33333333,30.89132884676357
23-05-2025 01:00:00,30.0,30.293364943867743
23-05-2025 02:00:00,31.66666667,33.42637751631929
23-05-2025 03:00:00,33.33333333,32.62395057483072
23-05-2025 04:00:00,35.0,35.39264420202513
23-05-2025 05:00:00,37.53333333,37.59461731324063
23-05-2025 06:00:00,40.06666667,39.095565133242474
23-05-2025 07:00:00,42.6,43.359633121562275
23-05-2025 08:00:00,43.06666667,42.685100594416554
23-05-2025 09:00:00,43.53333333,43.41874156021801
23-05-2025 10:00:00,44.0,43.24804474916391
23-05-2025 11:00:00,43.53333333,43.464015964649974
23-05-2025 12:00:00,43.06666667,43.35129517615446
23-05-2025 13:00:00,42.6,43.995046109143054
23-05-2025 14:00:00,40.46666667,42.184329256412276
23-05-2025 15:00:00,38.33333333,40.326134348582954
23-05-2025 16:00:00,36.2,35.195199754149826
23-05-2025 17:00:00,34.66666667,35.71506398560677
23-05-2025 18:00:00,33.13333333,33.46136071505824
23-05-2025 19:00:00,31.6,34.08435860841011
23-05-2025 20:00:00,30.86666667,29.98327737360806
23-05-2025 21:00:00,30.13333333,28.671071333151307
23-05-2025 22:00:00,29.4,29.037487078878893
23-05-2025 23:00:00,29.2,26.387072183030497
24-05-2025 00:00:00,29.0,28.319695392479414
24-05-2025 01:00:00,28.8,27.562520991107583
24-05-2025 02:00:00,30.26666667,30.188120455457106
24-05-2025 03:00:00,31.73333333,31.973756245955588
24-05-2025 04:00:00,33.2,35.06592584046043
24-05-2025 05:00:00,35.53333333,36.44070232959395
24-05-2025 06:00:00,37.86666667,37.599926464010046
24-05-2025 07:00:00,40.2,39.13810494406109
24-05-2025 08:00:00,41.4,41.52154540729165
24-05-2025 09:00:00,42.6,41.30387460115831
24-05-2025 10:00:00,43.8,45.96297659837036
24-05-2025 11:00:00,43.6,43.996168524228764
24-05-2025 12:00:00,43.4,42.85023404480911
24-05-2025 13:00:00,43.2,41.37159892806063
24-05-2025 14:00:00,41.06666667,42.08687491016711
24-05-2025 15:00:00,38.93333333,39.07444087440864
24-05-2025 16:00:00,36.8,37.79559671721828
24-05-2025 17:00:00,35.2,33.29275347701065
24-05-2025 18:00:00,33.6,32.65967839770413
24-05-2025 19:00:00,32.0,31.779189996713836
24-05-2025 20:00:00,31.46666667,30.93829934800321
24-05-2025 21:00:00,30.93333333,29.777423086630133
24-05-2025 22:00:00,30.4,31.33616497983023
24-05-2025 23:00:00,30.06666667,28.45352833609241
25-05-2025 00:00:00,29.73333333,29.066917777710024
25-05-2025 01:00:00,29.4,28.671635736761523
25-05-2025 02:00:00,31.33333333,31.450831524206084
25-05-2025 03:00:00,33.26666667,33.3361349568412
25-05-2025 04:00:00,35.2,34.335729682937334
25-05-2025 05:00:00,37.46666667,35.947029101392644
25-05-2025 06:00:00,39.73333333,40.528277723183585
25-05-2025 07:00:00,42.0,43.01204482806656
25-05-2025 08:00:00,43.2,42.52192786521107
25-05-2025 09:00:00,44.4,45.58375811004493
25-05-2025 10:00:00,45.6,44.23442035985528
25-05-2025 11:00:00,45.06666667,47.046217254051626
25-05-2025 12:00:00,44.53333333,43.65388718698586
25-05-2025 13:00:00,44.0,45.139688986642774
25-05-2025 14:00:00,41.53333333,43.53374829400113
25-05-2025 15:00:00,39.06666667,39.488253279306505
25-05-2025 16:00:00,36.6,37.884912847304214
25-05-2025 17:00:00,36.0,36.63318895291237
25-05-2025 18:00:00,35.4,36.815245017776114
25-05-2025 19:00:00,34.8,33.822933474398816
25-05-2025 20:00:00,33.93333333,34.68021281015754
25-05-2025 21:00:00,33.06666667,34.0489546046913
25-05-2025 22:00:00,32.2,30.128667692551872
25-05-2025 23:00:00,31.66666667,30.157634443811414
26-05-2025 00:00:00,31.13333333,28.498256306281878
26-05-2025 01:00:00,30.6,30.004483661527914
26-05-2025 02:00:00,32.23333333,32.20925359657154
26-05-2025 03:00:00,33.86666667,35.18741381782843
26-05-2025 04:00:00,35.5,34.965253304517105
26-05-2025 05:00:00,37.63333333,38.672820130358865
26-05-2025 06:00:00,39.76666667,38.08239694674078
26-05-2025 07:00:00,41.9,40.37645226481974
26-05-2025 08:00:00,43.03333333,43.06481445521991
26-05-2025 09:00:00,44.16666667,43.55082412624833
26-05-2025 10:00:00,45.3,44.481711888862336
26-05-2025 11:00:00,44.96666667,42.87041337110819
26-05-2025 12:00:00,44.63333333,43.76973811816305
26-05-2025 13:00:00,44.3,42.48954688034972
26-05-2025 14:00:00,41.76666667,42.41121724415533
26-05-2025 15:00:00,39.23333333,38.953575011544146
26-05-2025 16:00:00,36.7,35.47318797492972
26-05-2025 17:00:00,35.96666667,34.67151053809798
26-05-2025 18:00:00,35.23333333,33.63528700908696
26-05-2025 19:00:00,34.5,34.295915388365636
26-05-2025 20:00:00,33.7,33.927298710586406
26-05-2025 21:00:00,32.9,31.75988250681732
26-05-2025 22:00:00,32.1,32.39806659643394
26-05-2025 23:00:00,31.7,31.084231342860797
27-05-2025 00:00:00,31.3,30.300688151034528
27-05-2025 01:00:00,30.9,30.99116481197103
27-05-2025 02:00:00,31.4,30.11062897084316
27-05-2025 03:00:00,31.9,30.94049464361757
27-05-2025 04:00:00,32.4,30.930549353886768
27-05-2025 05:00:00,34.0,36.03377397329145
27-05-2025 06:00:00,35.6,35.39774492107025
27-05-2025 07:00:00,37.2,36.20129692055223
27-05-2025 08:00:00,38.0,37.681730086126976
27-05-2025 09:00:00,38.8,38.138236546380945
27-05-2025 10:00:00,39.6,38.513524031869025
27-05-2025 11:00:00,39.33333333,40.4025405269747
27-05-2025 12:00:00,39.06666667,39.09650660315427
27-05-2025 13:00:00,38.8,37.6811665059513
27-05-2025 14:00:00,36.73333333,35.58622689217474
27-05-2025 15:00:00,34.66666667,34.43855100577683
27-05-2025 16:00:00,32.6,29.815551769256352
27-05-2025 17:00:00,29.66666667,28.215246288660676
27-05-2025 18:00:00,26.73333333,27.812182495652603
27-05-2025 19:00:00,23.8,25.44674837861769
27-05-2025 20:00:00,24.86666667,24.210395641376397
27-05-2025 21:00:00,25.93333333,26.925287724642505
27-05-2025 22:00:00,27.0,26.810013326186102
27-05-2025 23:00:00,26.06666667,29.238327902532117
28-05-2025 00:00:00,25.13333333,26.30550878338763
28-05-2025 01:00:00,24.2,23.990560609332782
28-05-2025 02:00:00,25.66666667,24.415259726083683
28-05-2025 03:00:00,27.13333333,25.190839606134205
28-05-2025 04:00:00,28.6,28.62248810021117
28-05-2025 05:00:00,30.13333333,29.065029574354305
28-05-2025 06:00:00,31.66666667,30.233708032310197
28-05-2025 07:00:00,33.2,33.017726788576674
28-05-2025 08:00:00,34.06666667,32.475608450378516
28-05-2025 09:00:00,34.93333333,35.99038588188259
28-05-2025 10:00:00,35.8,36.44761618104443
28-05-2025 11:00:00,34.73333333,35.38475814246578
28-05-2025 12:00:00,33.66666667,34.72372743943187
28-05-2025 13:00:00,32.6,32.9899418382742
28-05-2025 14:00:00,30.33333333,29.714392617794097
28-05-2025 15:00:00,28.06666667,29.327326003478003
28-05-2025 16:00:00,25.8,26.336415361026436
28-05-2025 17:00:00,25.86666667,25.003498986651937
28-05-2025 18:00:00,25.93333333,25.443094763853345
28-05-2025 19:00:00,26.0,24.82581262210566
28-05-2025 20:00:00,25.53333333,23.725315422573228
28-05-2025 21:00:00,25.06666667,25.612778673160253
28-05-2025 22:00:00,24.6,26.292587752244955
28-05-2025 23:00:00,24.66666667,22.692155569665722
29-05-2025 00:00:00,24.73333333,25.162373912373315
29-05-2025 01:00:00,24.8,23.733670034837328
29-05-2025 02:00:00,25.46666667,24.824332013829036
29-05-2025 03:00:00,26.13333333,24.900089602040225
29-05-2025 04:00:00,26.8,25.776404883114814
29-05-2025 05:00:00,28.2,28.286691306436087
29-05-2025 06:00:00,29.6,27.901067105730938
29-05-2025 07:00:00,31.0,31.181638195602655
29-05-2025 08:00:00,32.06666667,32.181547681283796
29-05-2025 09:00:00,33.13333333,32.231711621188076
29-05-2025 10:00:00,34.2,33.56801374265985
29-05-2025 11:00:00,34.0,33.28485625270705
29-05-2025 12:00:00,33.8,34.1174810181129
29-05-2025 13:00:00,33.6,33.8712462813681
29-05-2025 14:00:00,32.33333333,31.242222272803808
29-05-2025 15:00:00,31.06666667,30.97172220177191
29-05-2025 16:00:00,29.8,30.54770751008165
29-05-2025 17:00:00,29.06666667,26.806858272344414
29-05-2025 18:00:00,28.33333333,28.755693283323517
29-05-2025 19:00:00,27.6,26.298078254704166
29-05-2025 20:00:00,27.06666667,27.447776569936423
29-05-2025 21:00:00,26.53333333,25.284860584964072
29-05-2025 22:00:00,26.0,23.695778275384264
29-05-2025 23:00:00,24.46666667,22.864342177821644
30-05-2025 00:00:00,22.93333333,23.07310967617936
30-05-2025 01:00:00,21.4,21.654252018283056
30-05-2025 02:00:00,22.66666667,21.28807761889059
30-05-2025 03:00:00,23.93333333,24.363097095935004
30-05-2025 04:00:00,25.2,23.559522744300317
30-05-2025 05:00:00,27.13333333,26.905799392983326
30-05-2025 06:00:00,29.06666667,28.252558075287702
30-05-2025 07:00:00,31.0,30.205737862863938
30-05-2025 08:00:00,31.86666667,31.748866050797627
30-05-2025 09:00:00,32.73333333,31.477589734399793
30-05-2025 10:00:00,33.6,32.99315825855365
30-05-2025 11:00:00,30.46666667,31.27046042973211
30-05-2025 12:00:00,27.33333333,26.718202019470137
30-05-2025 13:00:00,24.2,25.150122107570194
30-05-2025 14:00:00,24.2,22.628700844622923
30-05-2025 15:00:00,24.2,24.2614193702805
30-05-2025 16:00:00,24.2,25.107916626627805
30-05-2025 17:00:00,24.13333333,21.451827349276844
30-05-2025 18:00:00,24.06666667,22.77407329075561
30-05-2025 19:00:00,24.0,23.915374354907446
30-05-2025 20:00:00,23.73333333,23.4392282320597
30-05-2025 21:00:00,23.46666667,24.28695044968368
30-05-2025 22:00:00,23.2,22.387656226220503
30-05-2025 23:00:00,22.86666667,22.988394839490468
31-05-2025 00:00:00,22.53333333,22.223308078884088
31-05-2025 01:00:00,22.2,23.260407518862696
31-05-2025 02:00:00,23.26666667,23.586670542046512
31-05-2025 03:00:00,24.33333333,24.444918857761518
31-05-2025 04:00:00,25.4,24.846786396768163
31-05-2025 05:00:00,27.53333333,26.90507258832649
31-05-2025 06:00:00,29.66666667,28.78998082072962
31-05-2025 07:00:00,31.8,32.31075137979181
31-05-2025 08:00:00,32.93333333,32.188306048055765
31-05-2025 09:00:00,34.06666667,33.866988206859595
31-05-2025 10:00:00,35.2,37.34713575814027
31-05-2025 11:00:00,34.86666667,35.22342196444152
31-05-2025 12:00:00,34.53333333,33.94633298458289
31-05-2025 13:00:00,34.2,35.2284029855223
31-05-2025 14:00:00,32.93333333,32.62429779575473
31-05-2025 15:00:00,31.66666667,29.420465081409986
31-05-2025 16:00:00,30.4,29.099051096136375
31-05-2025 17:00:00,29.86666667,27.907141130829636
31-05-2025 18:00:00,29.33333333,29.161564412493902
31-05-2025 19:00:00,28.8,28.774641427006962
31-05-2025 20:00:00,28.46666667,30.04865986945653
31-05-2025 21:00:00,28.13333333,27.90261658660041
31-05-2025 22:00:00,27.8,27.06452573566974
31-05-2025 23:00:00,27.46666667,28.065802095986204
01-06-2025 00:00:00,27.13333333,24.41467060436161
01-06-2025 01:00:00,26.8,26.806037084308695
01-06-2025 02:00:00,26.93333333,27.574760613631913
01-06-2025 03:00:00,27.06666667,25.4423964349428
01-06-2025 04:00:00,27.2,28.20150263963479
01-06-2025 05:00:00,29.2,29.49363457476324
01-06-2025 06:00:00,31.2,30.55261637691416
01-06-2025 07:00:00,33.2,32.966669884196456
01-06-2025 08:00:00,34.13333333,35.97803582262648
01-06-2025 09:00:00,35.06666667,34.95528942502301
01-06-2025 10:00:00,36.0,35.56106508951032
01-06-2025 11:00:00,36.13333333,35.60333615723131
01-06-2025 12:00:00,36.26666667,35.664041872593046
01-06-2025 13:00:00,36.4,37.471906962096206
01-06-2025 14:00:00,34.73333333,33.495245354825215
01-06-2025 15:00:00,33.06666667,33.40493988304753
01-06-2025 16:00:00,31.4,30.711778964012552
01-06-2025 17:00:00,30.66666667,30.849699675799666
01-06-2025 18:00:00,29.93333333,29.88535445664684
01-06-2025 19:00:00,29.2,30.003644948603814
01-06-2025 20:00:00,28.6,27.73720759459968
01-06-2025 21:00:00,28.0,27.558638757894517
01-06-2025 22:00:00,27.4,26.204435256194078
01-06-2025 23:00:00,26.86666667,26.200104815742822
02-06-2025 00:00:00,26.33333333,26.661553462797567
02-06-2025 01:00:00,25.8,26.731700286868573
02-06-2025 02:00:00,27.06666667,26.150381648671402
02-06-2025 03:00:00,28.33333333,28.62643518978365
02-06-2025 04:00:00,29.6,30.060530984429583
02-06-2025 05:00:00,31.33333333,31.84457035336782
02-06-2025 06:00:00,33.06666667,34.36612453667725
02-06-2025 07:00:00,34.8,33.644898348331836
02-06-2025 08:00:00,35.2,33.20138193858492
02-06-2025 09:00:00,35.6,32.79636737365548
02-06-2025 10:00:00,36.0,37.53068477694148
02-06-2025 11:00:00,35.4,36.11394062364709
02-06-2025 12:00:00,34.8,34.285103566500624
02-06-2025 13:00:00,34.2,33.34963098251697
02-06-2025 14:00:00,32.73333333,31.11643227090551
02-06-2025 15:00:00,31.26666667,33.76908673779757
02-06-2025 16:00:00,29.8,29.273873845450982
02-06-2025 17:00:00,29.0,28.96077058699029
02-06-2025 18:00:00,28.2,28.76434797589845
02-06-2025 19:00:00,27.4,27.87533045442764
02-06-2025 20:00:00,27.0,27.07588674197013
02-06-2025 21:00:00,26.6,25.302748913270833
02-06-2025 22:00:00,26.2,26.831234562784974
02-06-2025 23:00:00,26.13333333,27.905960421903764
03-06-2025 00:00:00,26.06666667,27.30333957584677
03-06-2025 01:00:00,26.0,27.261447755586392
03-06-2025 02:00:00,27.53333333,26.66575742644395
03-06-2025 03:00:00,29.06666667,27.54124919512646
03-06-2025 04:00:00,30.6,30.190918080538943
03-06-2025 05:00:00,31.93333333,32.31751108346369
03-06-2025 06:00:00,33.26666667,33.72695525491458
03-06-2025 07:00:00,34.6,31.980050414342937
03-06-2025 08:00:00,34.6,36.49587754398884
03-06-2025 09:00:00,34.6,34.1078611872277
03-06-2025 10:00:00,34.6,33.65983300970295
03-06-2025 11:00:00,33.06666667,32.09956116980655
03-06-2025 12:00:00,31.53333333,29.349113877150025
03-06-2025 13:00:00,30.0,31.216477092044375
03-06-2025 14:00:00,29.13333333,29.20149175879097
03-06-2025 15:00:00,28.26666667,26.5485198884517
03-06-2025 16:00:00,27.4,26.423987810205315
03-06-2025 17:00:00,27.53333333,26.80706241371764
03-06-2025 18:00:00,27.66666667,29.45232788150876
03-06-2025 19:00:00,27.8,27.407119137275487
03-06-2025 20:00:00,27.46666667,26.031147147658135
03-06-2025 21:00:00,27.13333333,27.10624754155293
03-06-2025 22:00:00,26.6,26.12586204310323
03-06-2025 23:00:00,26.2,22.938347028075743
04-06-2025 00:00:00,26.13333333,26.008709064996232
04-06-2025 01:00:00,26.06666667,25.452582494518403
04-06-2025 02:00:00,26.0,27.08548219695214
04-06-2025 03:00:00,27.53333333,29.340986140189795
04-06-2025 04:00:00,29.06666667,29.94789413037886
04-06-2025 05:00:00,30.6,30.149836522809426
04-06-2025 06:00:00,31.93333333,30.086786572798925
04-06-2025 07:00:00,33.26666667,35.43724538511502
04-06-2025 08:00:00,34.6,34.83514213268098
04-06-2025 09:00:00,34.6,34.133451879660385
04-06-2025 10:00:00,34.6,33.95571262136991
04-06-2025 11:00:00,34.6,34.749458101030925
04-06-2025 12:00:00,33.06666667,33.0724789479354
04-06-2025 13:00:00,31.53333333,30.924997282389462
04-06-2025 14:00:00,30.0,29.504607234845825
04-06-2025 15:00:00,29.13333333,28.663523020479033
04-06-2025 16:00:00,28.26666667,27.07492649516218
04-06-2025 17:00:00,27.4,26.861126137587437
04-06-2025 18:00:00,27.53333333,27.357135647746286
04-06-2025 19:00:00,27.66666667,27.124487393340424
04-06-2025 20:00:00,27.8,29.575680735892465
04-06-2025 21:00:00,27.46666667,24.6008256875955
04-06-2025 22:00:00,27.13333333,28.224973621979885
04-06-2025 23:00:00,28.04166667,29.78288182768041
05-06-2025 00:00:00,28.03333333,25.439550364763257
05-06-2025 01:00:00,28.025,27.721826447431138
05-06-2025 02:00:00,28.01666667,27.434768030961838
05-06-2025 03:00:00,28.00833333,26.383637459490846
05-06-2025 04:00:00,28.0,27.404499423040676
05-06-2025 05:00:00,29.4,28.156718295256482
05-06-2025 06:00:00,30.8,32.6114603935025
05-06-2025 07:00:00,32.2,33.31448917710273
05-06-2025 08:00:00,33.6,34.58611173768462
05-06-2025 09:00:00,35.0,35.21654021512123
05-06-2025 10:00:00,36.4,34.54789185515879
05-06-2025 11:00:00,36.13333333,34.59103163954505
05-06-2025 12:00:00,35.86666667,36.87822681907944
05-06-2025 13:00:00,35.6,33.641935228858955
05-06-2025 14:00:00,34.33333333,34.766891746331076
05-06-2025 15:00:00,33.06666667,32.47853952410554
05-06-2025 16:00:00,31.8,31.2703135732424
05-06-2025 17:00:00,31.0,31.789876154031546
05-06-2025 18:00:00,30.2,30.71880804124788
05-06-2025 19:00:00,29.4,28.62869366561153
05-06-2025 20:00:00,28.93333333,29.909218227535533
05-06-2025 21:00:00,28.46666667,27.191530140258376
05-06-2025 22:00:00,28.0,28.382437854190226
05-06-2025 23:00:00,28.0,28.88658404781388
06-06-2025 00:00:00,28.0,27.607670962167884
06-06-2025 01:00:00,28.0,28.35392853382768
06-06-2025 02:00:00,27.86666667,26.52085518731006
06-06-2025 03:00:00,27.73333333,28.847468569934367
06-06-2025 04:00:00,27.6,27.2542849538189
06-06-2025 05:00:00,27.2,26.08800202772047
06-06-2025 06:00:00,26.8,27.831941619299357
06-06-2025 07:00:00,26.4,25.284242701891458
06-06-2025 08:00:00,28.86666667,27.00308867722015
06-06-2025 09:00:00,31.33333333,29.636163067027226
06-06-2025 10:00:00,33.8,34.62634895744762
06-06-2025 11:00:00,33.93333333,32.33195155858028
06-06-2025 12:00:00,34.06666667,35.79558997395476
06-06-2025 13:00:00,34.2,32.32796669383148
06-06-2025 14:00:00,33.0,34.64832674020215
06-06-2025 15:00:00,31.8,32.635948703200434
06-06-2025 16:00:00,30.6,30.45165297333988
06-06-2025 17:00:00,29.53333333,28.210738791369025
06-06-2025 18:00:00,28.46666667,28.90378043636196
06-06-2025 19:00:00,27.4,27.26792205924339
06-06-2025 20:00:00,27.0,28.333486350107048
06-06-2025 21:00:00,26.6,26.711282426672277
06-06-2025 22:00:00,26.2,26.133607753926395
06-06-2025 23:00:00,26.03333333,25.133762535913206
07-06-2025 00:00:00,26.03333333,25.729041860331023
07-06-2025 01:00:00,26.025,25.939369424841846
07-06-2025 02:00:00,26.01666667,23.854050078129443
07-06-2025 03:00:00,26.00833333,24.540425945422527
07-06-2025 04:00:00,26.0,27.044772699648433
07-06-2025 05:00:00,27.4,27.493678760332877
07-06-2025 06:00:00,28.8,28.045558095311033
07-06-2025 07:00:00,30.2,30.13771247627455
07-06-2025 08:00:00,31.6,32.126017288700275
07-06-2025 09:00:00,33.0,31.981998805885716
07-06-2025 10:00:00,34.4,33.27564067481668
07-06-2025 11:00:00,34.13333333,34.10006433292105
07-06-2025 12:00:00,33.86666667,32.30972518824146
07-06-2025 13:00:00,33.6,34.01313748538658
07-06-2025 14:00:00,32.33333333,30.24694151314661
07-06-2025 15:00:00,31.06666667,32.070234879481944
07-06-2025 16:00:00,29.8,29.81868553101309
07-06-2025 17:00:00,29.0,28.9338191499787
07-06-2025 18:00:00,28.2,29.249435855111876
07-06-2025 19:00:00,27.4,28.871155712672927
07-06-2025 20:00:00,26.93333333,28.291483139381704
07-06-2025 21:00:00,26.46666667,24.20765950914296
07-06-2025 22:00:00,26.0,24.508942327329713
07-06-2025 23:00:00,26.0,25.39322922841376
