Datetime,T2M,QSVM
08-05-2025 01:00:00,27.6,28.351738001234093
08-05-2025 02:00:00,28.13333333,27.93931484497594
08-05-2025 03:00:00,28.66666667,29.34839604140924
08-05-2025 04:00:00,29.2,31.893358510754666
08-05-2025 05:00:00,31.93333333,30.93075469787403
08-05-2025 06:00:00,34.66666667,33.69384005341082
08-05-2025 07:00:00,37.4,39.2306874133445
08-05-2025 08:00:00,38.4,39.01115707273298
08-05-2025 09:00:00,39.4,37.46263788555396
08-05-2025 10:00:00,40.4,40.525302656239326
08-05-2025 11:00:00,40.0,39.575523658954225
08-05-2025 12:00:00,39.6,37.91539701017508
08-05-2025 13:00:00,39.2,41.03329409620637
08-05-2025 14:00:00,37.36666667,33.93287627474401
08-05-2025 15:00:00,35.53333333,32.26770555558484
08-05-2025 16:00:00,33.7,32.01104301273902
08-05-2025 17:00:00,32.96666667,31.279085707090392
08-05-2025 18:00:00,32.23333333,32.31950422688373
08-05-2025 19:00:00,31.5,29.70919015586185
08-05-2025 20:00:00,30.76666667,29.240468166471697
08-05-2025 21:00:00,30.03333333,32.48519700400917
08-05-2025 22:00:00,29.3,29.240528324582524
08-05-2025 23:00:00,28.9,28.527178350405027
09-05-2025 00:00:00,28.5,25.70602112884606
09-05-2025 01:00:00,28.1,27.719011540841414
09-05-2025 02:00:00,29.03333333,28.772489383376197
09-05-2025 03:00:00,29.96666667,28.537201333378107
09-05-2025 04:00:00,30.9,31.74440648000989
09-05-2025 05:00:00,32.36666667,30.784767219627593
09-05-2025 06:00:00,33.83333333,33.43241392606149
09-05-2025 07:00:00,35.3,34.5275575593604
09-05-2025 08:00:00,34.4,37.91564243102831
09-05-2025 09:00:00,33.5,32.44205922422984
09-05-2025 10:00:00,32.6,30.094205525259202
09-05-2025 11:00:00,31.7,32.887720779745536
09-05-2025 12:00:00,30.8,28.34460508041002
09-05-2025 13:00:00,29.9,30.39310993670633
09-05-2025 14:00:00,28.23333333,24.557800627116713
09-05-2025 15:00:00,26.56666667,23.41678171200255
09-05-2025 16:00:00,24.9,25.25770153309253
09-05-2025 17:00:00,24.7,26.13777310239867
09-05-2025 18:00:00,24.5,24.880520344788277
09-05-2025 19:00:00,24.3,24.35494090259428
09-05-2025 20:00:00,23.9,23.518331437836434
09-05-2025 21:00:00,23.5,20.823701847625507
09-05-2025 22:00:00,23.1,21.617424889470588
09-05-2025 23:00:00,22.76666667,21.188900632003957
10-05-2025 00:00:00,22.43333333,24.381436302496745
10-05-2025 01:00:00,22.1,22.665871412365856
10-05-2025 02:00:00,23.26666667,20.00098587506513
10-05-2025 03:00:00,24.43333333,24.38481497435828
10-05-2025 04:00:00,25.6,24.303384236672994
10-05-2025 05:00:00,28.43333333,27.49533791344093
10-05-2025 06:00:00,31.26666667,32.17572946870333
10-05-2025 07:00:00,34.1,36.14498337782068
10-05-2025 08:00:00,34.2,35.710632038071836
10-05-2025 09:00:00,34.3,32.57366024134661
10-05-2025 10:00:00,34.4,34.13534072933064
10-05-2025 11:00:00,34.26666667,34.38550653956767
10-05-2025 12:00:00,34.13333333,35.761789225258624
10-05-2025 13:00:00,34.0,32.669646680658566
10-05-2025 14:00:00,32.76666667,32.00373722240497
10-05-2025 15:00:00,31.53333333,29.16524454354105
10-05-2025 16:00:00,30.3,28.035033851000843
10-05-2025 17:00:00,29.7,30.780842987802167
10-05-2025 18:00:00,29.1,31.97957036827462
10-05-2025 19:00:00,28.5,27.79279258364382
10-05-2025 20:00:00,27.56666667,29.15262600042554
10-05-2025 21:00:00,26.63333333,26.947725155332627
10-05-2025 22:00:00,25.7,24.950834922995416
10-05-2025 23:00:00,25.7,26.28406443875421
11-05-2025 00:00:00,25.7,28.774186894191512
11-05-2025 01:00:00,25.7,24.875620716137618
11-05-2025 02:00:00,26.06666667,28.878695557787445
11-05-2025 03:00:00,26.43333333,21.8536152520498
11-05-2025 04:00:00,26.8,28.174548579183018
11-05-2025 05:00:00,29.33333333,29.807450231109748
11-05-2025 06:00:00,31.86666667,30.866427521957462
11-05-2025 07:00:00,34.4,35.12418659131049
11-05-2025 08:00:00,35.26666667,32.698093162538335
11-05-2025 09:00:00,36.13333333,35.30579416228778
11-05-2025 10:00:00,37.0,37.168635215498895
11-05-2025 11:00:00,36.66666667,39.987563758042654
11-05-2025 12:00:00,36.33333333,36.07112627610721
11-05-2025 13:00:00,36.0,34.0065137997079
11-05-2025 14:00:00,34.6,33.2433595528457
11-05-2025 15:00:00,33.2,34.52469405668738
11-05-2025 16:00:00,31.8,31.53344051170821
11-05-2025 17:00:00,31.0,29.39378844957557
11-05-2025 18:00:00,30.2,30.476526417563885
11-05-2025 19:00:00,29.4,29.042680341734002
11-05-2025 20:00:00,29.06666667,30.645218029060928
11-05-2025 21:00:00,28.73333333,27.381265861944208
11-05-2025 22:00:00,28.4,28.323123014219046
11-05-2025 23:00:00,28.13333333,26.80217441327086
12-05-2025 00:00:00,27.86666667,25.454172675660313
12-05-2025 01:00:00,27.6,27.880411054424663
12-05-2025 02:00:00,28.13333333,28.41766944683878
12-05-2025 03:00:00,28.66666667,28.807050319779233
12-05-2025 04:00:00,29.2,28.07634724417638
12-05-2025 05:00:00,30.0,27.410933017187705
12-05-2025 06:00:00,30.8,29.924768943718227
12-05-2025 07:00:00,31.6,31.02711601120168
12-05-2025 08:00:00,32.53333333,31.01747641990167
12-05-2025 09:00:00,33.46666667,34.26538229211959
12-05-2025 10:00:00,34.4,34.58398095875792
12-05-2025 11:00:00,34.46666667,37.41758125998009
12-05-2025 12:00:00,34.53333333,34.303557605296824
12-05-2025 13:00:00,34.6,34.55781928880566
12-05-2025 14:00:00,33.13333333,32.46295560729122
12-05-2025 15:00:00,31.66666667,28.560289605233383
12-05-2025 16:00:00,30.2,30.64503849640327
12-05-2025 17:00:00,29.26666667,28.935391955060066
12-05-2025 18:00:00,28.33333333,32.29278996963018
12-05-2025 19:00:00,27.4,27.08548537535466
12-05-2025 20:00:00,27.0,27.151854174802757
12-05-2025 21:00:00,26.6,26.640375034911166
12-05-2025 22:00:00,26.2,23.987647520451596
12-05-2025 23:00:00,25.66666667,26.986096806438738
13-05-2025 00:00:00,25.13333333,26.968882109003886
13-05-2025 01:00:00,24.6,26.59362633539283
13-05-2025 02:00:00,26.33333333,24.2557440854034
13-05-2025 03:00:00,28.06666667,30.28922179133506
13-05-2025 04:00:00,29.8,27.190246968548134
13-05-2025 05:00:00,31.6,32.647971756758814
13-05-2025 06:00:00,33.4,37.549516271039636
13-05-2025 07:00:00,35.2,34.292038909469824
13-05-2025 08:00:00,36.53333333,35.174493813406826
13-05-2025 09:00:00,37.86666667,37.342463285567
13-05-2025 10:00:00,39.2,37.18884142117904
13-05-2025 11:00:00,39.0,35.47872878777295
13-05-2025 12:00:00,38.8,38.67007445964929
13-05-2025 13:00:00,38.6,37.51692388323903
13-05-2025 14:00:00,34.46666667,34.84206193653264
13-05-2025 15:00:00,30.33333333,28.575147411912955
13-05-2025 16:00:00,26.2,28.867701021374987
13-05-2025 17:00:00,26.4,25.302332404771914
13-05-2025 18:00:00,26.6,26.9099672646276
13-05-2025 19:00:00,26.8,27.899917862299173
13-05-2025 20:00:00,26.53333333,23.916463795216348
13-05-2025 21:00:00,26.26666667,26.955515005807566
13-05-2025 22:00:00,26.0,28.51152800916437
13-05-2025 23:00:00,25.66666667,23.319240672643982
14-05-2025 00:00:00,25.33333333,25.75012003739428
14-05-2025 01:00:00,25.0,25.18120856437112
14-05-2025 02:00:00,25.86666667,27.379820125844727
14-05-2025 03:00:00,26.73333333,24.776755854379207
14-05-2025 04:00:00,27.6,25.37517747263665
14-05-2025 05:00:00,30.5,31.51324587080467
14-05-2025 06:00:00,33.4,34.302577040187366
14-05-2025 07:00:00,36.3,37.207768883698904
14-05-2025 08:00:00,36.9,38.114629915087036
14-05-2025 09:00:00,37.5,36.41329507538383
14-05-2025 10:00:00,38.1,38.19337690192274
14-05-2025 11:00:00,38.06666667,38.4600450854237
14-05-2025 12:00:00,38.03333333,37.220889972475774
14-05-2025 13:00:00,38.0,40.69133758812445
14-05-2025 14:00:00,36.36666667,37.22418317939526
14-05-2025 15:00:00,34.73333333,32.128950556638245
14-05-2025 16:00:00,33.1,34.11464895776414
14-05-2025 17:00:00,32.03333333,30.703025977672848
14-05-2025 18:00:00,30.96666667,32.31114209188789
14-05-2025 19:00:00,29.9,31.85867804683587
14-05-2025 20:00:00,28.83333333,26.53886264495545
14-05-2025 21:00:00,27.76666667,29.686260701679828
14-05-2025 22:00:00,26.7,27.56426237707472
14-05-2025 23:00:00,26.03333333,28.266629749830347
15-05-2025 00:00:00,25.36666667,28.55715903529022
15-05-2025 01:00:00,24.7,24.186318953551993
15-05-2025 02:00:00,26.43333333,24.998391191395523
15-05-2025 03:00:00,28.16666667,27.07016386128375
15-05-2025 04:00:00,29.9,28.18178466707128
15-05-2025 05:00:00,31.96666667,31.772422684938462
15-05-2025 06:00:00,34.03333333,34.77714787750546
15-05-2025 07:00:00,36.1,36.493396206211976
15-05-2025 08:00:00,37.23333333,38.25786327844925
15-05-2025 09:00:00,38.36666667,38.27553855603239
15-05-2025 10:00:00,39.5,42.58764243977415
15-05-2025 11:00:00,39.1,37.745950867133715
15-05-2025 12:00:00,38.7,43.52037932447637
15-05-2025 13:00:00,38.3,38.788845260465024
15-05-2025 14:00:00,36.5,35.39985231002128
15-05-2025 15:00:00,34.7,31.69753207304501
15-05-2025 16:00:00,32.9,33.292378808345426
15-05-2025 17:00:00,31.23333333,30.821044670577407
15-05-2025 18:00:00,29.56666667,31.42293074908958
15-05-2025 19:00:00,27.9,28.56670392934644
15-05-2025 20:00:00,27.23333333,26.69596241075523
15-05-2025 21:00:00,26.56666667,25.64536216803682
15-05-2025 22:00:00,25.9,22.38082120299509
15-05-2025 23:00:00,25.5,23.643604701466117
16-05-2025 00:00:00,25.1,26.687298007404348
16-05-2025 01:00:00,24.7,24.745345229072484
16-05-2025 02:00:00,26.4,23.536227478697704
16-05-2025 03:00:00,28.1,28.559915398778166
16-05-2025 04:00:00,29.8,30.43814261215724
16-05-2025 05:00:00,32.73333333,30.627307666526434
16-05-2025 06:00:00,35.66666667,35.010964680586696
16-05-2025 07:00:00,38.6,39.00403322776259
16-05-2025 08:00:00,39.2,37.27496794311405
16-05-2025 09:00:00,39.8,40.150893217998345
16-05-2025 10:00:00,40.4,42.35796853511037
16-05-2025 11:00:00,39.46666667,40.54150738622298
16-05-2025 12:00:00,38.53333333,39.29912586154216
16-05-2025 13:00:00,37.6,34.442730282676905
16-05-2025 14:00:00,35.66666667,33.71007267500873
16-05-2025 15:00:00,33.73333333,34.599945796363976
16-05-2025 16:00:00,31.8,32.42534507460977
16-05-2025 17:00:00,30.46666667,31.39261896540306
16-05-2025 18:00:00,29.13333333,35.42533486154314
16-05-2025 19:00:00,27.8,29.30814226109755
16-05-2025 20:00:00,27.2,29.07559660554073
16-05-2025 21:00:00,26.6,28.65145460659969
16-05-2025 22:00:00,26.0,27.173395707771814
16-05-2025 23:00:00,25.4,24.852001359674205
17-05-2025 00:00:00,24.8,26.259650258093135
17-05-2025 01:00:00,24.2,22.810497049584423
17-05-2025 02:00:00,25.93333333,25.605521606495337
17-05-2025 03:00:00,27.66666667,27.191269869976498
17-05-2025 04:00:00,29.4,29.46225063249799
17-05-2025 05:00:00,32.33333333,36.7310022926813
17-05-2025 06:00:00,35.26666667,31.588793428123832
17-05-2025 07:00:00,38.2,40.09143658212863
17-05-2025 08:00:00,38.93333333,35.33327915579635
17-05-2025 09:00:00,39.66666667,39.69083407241
17-05-2025 10:00:00,40.4,42.12084480933956
17-05-2025 11:00:00,40.06666667,39.03700382600298
17-05-2025 12:00:00,39.73333333,37.60248983236444
17-05-2025 13:00:00,39.4,37.43010587439527
17-05-2025 14:00:00,37.46666667,38.97924046116224
17-05-2025 15:00:00,35.53333333,33.616585662534824
17-05-2025 16:00:00,33.6,33.55539743154365
17-05-2025 17:00:00,31.26666667,30.227918336527352
17-05-2025 18:00:00,28.93333333,27.359617060174802
17-05-2025 19:00:00,26.6,29.34078845985231
17-05-2025 20:00:00,26.0,26.351009924548116
17-05-2025 21:00:00,25.4,21.847361031469312
17-05-2025 22:00:00,24.8,25.297399818486607
17-05-2025 23:00:00,24.33333333,23.1384531069417
18-05-2025 00:00:00,23.86666667,24.91566555594382
18-05-2025 01:00:00,23.4,21.79070186427539
18-05-2025 02:00:00,25.66666667,25.299197375826907
18-05-2025 03:00:00,27.93333333,28.176253501299126
18-05-2025 04:00:00,30.2,32.31597457145371
18-05-2025 05:00:00,33.06666667,31.12921007680691
18-05-2025 06:00:00,35.93333333,34.97862882598585
18-05-2025 07:00:00,38.8,37.713061579429194
18-05-2025 08:00:00,39.26666667,37.96342618387877
18-05-2025 09:00:00,39.73333333,41.44058053888602
18-05-2025 10:00:00,40.2,40.54027489395526
18-05-2025 11:00:00,40.06666667,37.08747531540971
18-05-2025 12:00:00,39.93333333,40.73860311828707
18-05-2025 13:00:00,39.8,43.26262806519489
18-05-2025 14:00:00,37.6,40.32655674660726
18-05-2025 15:00:00,35.4,32.76533397711023
18-05-2025 16:00:00,33.2,31.81397668559257
18-05-2025 17:00:00,31.26666667,33.67578193312577
18-05-2025 18:00:00,29.33333333,28.508923568419686
18-05-2025 19:00:00,27.4,28.44463814885781
18-05-2025 20:00:00,26.66666667,27.945883403408043
18-05-2025 21:00:00,25.93333333,23.815961442057645
18-05-2025 22:00:00,25.2,25.21538403277973
18-05-2025 23:00:00,24.66666667,18.743232754947517
19-05-2025 00:00:00,24.13333333,22.45420925277243
19-05-2025 01:00:00,23.6,23.230911555818132
19-05-2025 02:00:00,25.46666667,23.45195069758439
19-05-2025 03:00:00,27.33333333,29.92097480970584
19-05-2025 04:00:00,29.2,27.01470631213606
19-05-2025 05:00:00,31.93333333,31.03450624467235
19-05-2025 06:00:00,34.66666667,35.830728282656565
19-05-2025 07:00:00,37.4,39.40190066958563
19-05-2025 08:00:00,38.06666667,36.25347305008643
19-05-2025 09:00:00,38.73333333,40.74643096332892
19-05-2025 10:00:00,39.4,38.775108021328
19-05-2025 11:00:00,39.2,36.86868258516291
19-05-2025 12:00:00,39.0,39.4115662331832
19-05-2025 13:00:00,38.8,39.18865366476513
19-05-2025 14:00:00,36.73333333,35.71633900802271
19-05-2025 15:00:00,34.66666667,34.2702524910425
19-05-2025 16:00:00,32.6,31.685146218398117
19-05-2025 17:00:00,32.13333333,33.23211846889965
19-05-2025 18:00:00,31.66666667,33.548331058266996
19-05-2025 19:00:00,31.2,34.125284897239425
19-05-2025 20:00:00,30.6,28.16929916233527
19-05-2025 21:00:00,30.0,33.774661849124406
19-05-2025 22:00:00,29.4,25.93678902988567
19-05-2025 23:00:00,28.2,27.295925114589824
20-05-2025 00:00:00,27.0,27.801806439422712
20-05-2025 01:00:00,25.8,25.477437917152795
20-05-2025 02:00:00,27.36666667,26.2340935878488
20-05-2025 03:00:00,28.93333333,28.672463014521135
20-05-2025 04:00:00,30.5,29.180827191760063
20-05-2025 05:00:00,32.96666667,32.507844473512165
20-05-2025 06:00:00,35.43333333,36.0865870990291
20-05-2025 07:00:00,37.9,37.447396944148885
20-05-2025 08:00:00,39.1,37.734756434918204
20-05-2025 09:00:00,40.3,42.366705165379514
20-05-2025 10:00:00,41.5,42.91339796927707
20-05-2025 11:00:00,41.43333333,42.36875742163457
20-05-2025 12:00:00,41.36666667,42.97159577308271
20-05-2025 13:00:00,41.3,39.5091607705753
20-05-2025 14:00:00,38.7,37.33593601235553
20-05-2025 15:00:00,36.1,37.75092260018406
20-05-2025 16:00:00,33.5,34.757623665013746
20-05-2025 17:00:00,31.9,30.874658176577842
20-05-2025 18:00:00,30.3,31.036473057636865
20-05-2025 19:00:00,28.7,31.48668450022348
20-05-2025 20:00:00,28.1,26.57016437413025
20-05-2025 21:00:00,27.5,28.5048510093239
20-05-2025 22:00:00,26.9,26.57638815507843
20-05-2025 23:00:00,26.16666667,25.717064435708135
21-05-2025 00:00:00,25.43333333,27.066668601096264
21-05-2025 01:00:00,24.7,25.797002509593238
21-05-2025 02:00:00,26.4,27.716159523519003
21-05-2025 03:00:00,28.1,30.836126238236357
21-05-2025 04:00:00,29.8,29.9130040034186
21-05-2025 05:00:00,33.73333333,34.57833203894455
21-05-2025 06:00:00,37.66666667,37.32983753747492
21-05-2025 07:00:00,41.6,40.07103000289787
21-05-2025 08:00:00,42.2,42.47161012297193
21-05-2025 09:00:00,42.8,41.54340111875045
21-05-2025 10:00:00,43.4,43.97738028779269
21-05-2025 11:00:00,43.33333333,40.80947985967851
21-05-2025 12:00:00,43.26666667,45.946688234652605
21-05-2025 13:00:00,43.2,41.89050360500587
21-05-2025 14:00:00,40.4,37.63720518167709
21-05-2025 15:00:00,37.6,39.695280275223595
21-05-2025 16:00:00,34.8,36.0107071421495
21-05-2025 17:00:00,33.4,34.589953282447
21-05-2025 18:00:00,32.0,32.99344881434465
21-05-2025 19:00:00,30.6,29.77228839680523
21-05-2025 20:00:00,29.66666667,28.31228131402664
21-05-2025 21:00:00,28.73333333,28.473444653374436
21-05-2025 22:00:00,27.8,25.710016969422522
21-05-2025 23:00:00,27.53333333,28.96282781702439
22-05-2025 00:00:00,27.26666667,27.477677524526293
22-05-2025 01:00:00,27.0,25.688667477176605
22-05-2025 02:00:00,29.06666667,28.142508547010937
22-05-2025 03:00:00,31.13333333,31.52774367203655
22-05-2025 04:00:00,33.2,31.799367690406406
22-05-2025 05:00:00,35.6,35.04745925511687
22-05-2025 06:00:00,38.0,38.444372725164634
22-05-2025 07:00:00,40.4,40.87744755522854
22-05-2025 08:00:00,41.66666667,41.16496288821337
22-05-2025 09:00:00,42.93333333,41.97405721942192
22-05-2025 10:00:00,44.2,44.17621427119041
22-05-2025 11:00:00,43.86666667,40.817665024873286
22-05-2025 12:00:00,43.53333333,40.64732986327408
22-05-2025 13:00:00,43.2,41.59961809055335
22-05-2025 14:00:00,40.6,40.43008780655989
22-05-2025 15:00:00,38.0,38.36940852860966
22-05-2025 16:00:00,35.4,38.29219784193436
22-05-2025 17:00:00,35.66666667,36.97318225372198
22-05-2025 18:00:00,35.93333333,35.4676783891263
22-05-2025 19:00:00,36.2,34.804403097766254
22-05-2025 20:00:00,35.46666667,33.93144669520491
22-05-2025 21:00:00,34.73333333,34.678776047299
22-05-2025 22:00:00,34.0,33.80144208782812
22-05-2025 23:00:00,32.66666667,31.56558570443325
23-05-2025 00:00:00,31.33333333,30.66315307735863
23-05-2025 01:00:00,30.0,30.70127954594066
23-05-2025 02:00:00,31.66666667,34.830672011606424
23-05-2025 03:00:00,33.33333333,32.385283725052574
23-05-2025 04:00:00,35.0,35.86071043337586
23-05-2025 05:00:00,37.53333333,37.94389365373709
23-05-2025 06:00:00,40.06666667,38.696098156414806
23-05-2025 07:00:00,42.6,44.038570766124636
23-05-2025 08:00:00,43.06666667,42.6995092403869
23-05-2025 09:00:00,43.53333333,43.59789130280972
23-05-2025 10:00:00,44.0,42.92451678028003
23-05-2025 11:00:00,43.53333333,43.65525459854366
23-05-2025 12:00:00,43.06666667,43.81883456432742
23-05-2025 13:00:00,42.6,45.240817513421604
23-05-2025 14:00:00,40.46666667,43.510304927731454
23-05-2025 15:00:00,38.33333333,42.00317442643677
23-05-2025 16:00:00,36.2,34.692438082818285
23-05-2025 17:00:00,34.66666667,36.62615211443906
23-05-2025 18:00:00,33.13333333,33.84554883850803
23-05-2025 19:00:00,31.6,36.00393785860597
23-05-2025 20:00:00,30.86666667,29.512452598179138
23-05-2025 21:00:00,30.13333333,27.87146846674842
23-05-2025 22:00:00,29.4,28.883229775164004
23-05-2025 23:00:00,29.2,24.61103251552816
24-05-2025 00:00:00,29.0,28.00097357595941
24-05-2025 01:00:00,28.8,26.894190821729214
24-05-2025 02:00:00,30.26666667,30.32719788593741
24-05-2025 03:00:00,31.73333333,32.33021233834999
24-05-2025 04:00:00,33.2,36.59734932010965
24-05-2025 05:00:00,35.53333333,37.29226002492523
24-05-2025 06:00:00,37.86666667,37.54667342345283
24-05-2025 07:00:00,40.2,38.60162324543082
24-05-2025 08:00:00,41.4,41.88932697047524
24-05-2025 09:00:00,42.6,40.57634606234341
24-05-2025 10:00:00,43.8,47.70576056171575
24-05-2025 11:00:00,43.6,44.648117088026645
24-05-2025 12:00:00,43.4,42.68867863495737
24-05-2025 13:00:00,43.2,40.28426651061058
24-05-2025 14:00:00,41.06666667,43.10067224820135
24-05-2025 15:00:00,38.93333333,39.33327446103057
24-05-2025 16:00:00,36.8,38.75309141319325
24-05-2025 17:00:00,35.2,32.14107356955749
24-05-2025 18:00:00,33.6,32.20852218879986
24-05-2025 19:00:00,32.0,31.82323901203159
24-05-2025 20:00:00,31.46666667,30.817213686132842
24-05-2025 21:00:00,30.93333333,29.219698938436988
24-05-2025 22:00:00,30.4,32.11909322978237
24-05-2025 23:00:00,30.06666667,27.53016749413365
25-05-2025 00:00:00,29.73333333,28.82724358413268
25-05-2025 01:00:00,29.4,28.44232610648314
25-05-2025 02:00:00,31.33333333,31.76780073618931
25-05-2025 03:00:00,33.26666667,33.671438967642025
25-05-2025 04:00:00,35.2,33.842330201057514
25-05-2025 05:00:00,37.46666667,35.03168565379099
25-05-2025 06:00:00,39.73333333,41.39739140123891
25-05-2025 07:00:00,42.0,43.846197411656206
25-05-2025 08:00:00,43.2,42.239312811385005
25-05-2025 09:00:00,44.4,46.739962819721924
25-05-2025 10:00:00,45.6,43.737254072756016
25-05-2025 11:00:00,45.06666667,48.57948194539911
25-05-2025 12:00:00,44.53333333,43.410908044316486
25-05-2025 13:00:00,44.0,46.3592866956392
25-05-2025 14:00:00,41.53333333,45.16158842756662
25-05-2025 15:00:00,39.06666667,39.878859447659984
25-05-2025 16:00:00,36.6,38.95408766291516
25-05-2025 17:00:00,36.0,37.28214084876081
25-05-2025 18:00:00,35.4,38.020038544158695
25-05-2025 19:00:00,34.8,33.293351396565804
25-05-2025 20:00:00,33.93333333,35.38827704339153
25-05-2025 21:00:00,33.06666667,34.94800669405507
25-05-2025 22:00:00,32.2,28.84183404830639
25-05-2025 23:00:00,31.66666667,29.279692650917752
26-05-2025 00:00:00,31.13333333,26.845362658829146
26-05-2025 01:00:00,30.6,29.786070574036497
26-05-2025 02:00:00,32.23333333,32.48858981825983
26-05-2025 03:00:00,33.86666667,36.355625210350155
26-05-2025 04:00:00,35.5,34.866479258006635
26-05-2025 05:00:00,37.63333333,39.72774669525642
26-05-2025 06:00:00,39.76666667,37.115357028185365
26-05-2025 07:00:00,41.9,39.452265662019045
26-05-2025 08:00:00,43.03333333,43.2949548754415
26-05-2025 09:00:00,44.16666667,43.50716315119676
26-05-2025 10:00:00,45.3,44.25882183335213
26-05-2025 11:00:00,44.96666667,41.582072456642884
26-05-2025 12:00:00,44.63333333,43.50842546090219
26-05-2025 13:00:00,44.3,41.48987204782584
26-05-2025 14:00:00,41.76666667,43.10082136313536
26-05-2025 15:00:00,39.23333333,39.06653036835996
26-05-2025 16:00:00,36.7,34.82013116849255
26-05-2025 17:00:00,35.96666667,34.05198373696734
26-05-2025 18:00:00,35.23333333,32.74870481956538
26-05-2025 19:00:00,34.5,34.35027416456936
26-05-2025 20:00:00,33.7,34.39486584566329
26-05-2025 21:00:00,32.9,31.126747874988087
26-05-2025 22:00:00,32.1,32.816841312865755
26-05-2025 23:00:00,31.7,30.814419880933233
27-05-2025 00:00:00,31.3,29.7708792751058
27-05-2025 01:00:00,30.9,31.181830509734088
27-05-2025 02:00:00,31.4,29.378583232153108
27-05-2025 03:00:00,31.9,30.47793672002317
27-05-2025 04:00:00,32.4,30.075699884264363
27-05-2025 05:00:00,34.0,37.67759382787616
27-05-2025 06:00:00,35.6,35.47611394820184
27-05-2025 07:00:00,37.2,35.71903542458332
27-05-2025 08:00:00,38.0,37.7401040246414
27-05-2025 09:00:00,38.8,37.95375225835887
27-05-2025 10:00:00,39.6,38.07972189565188
27-05-2025 11:00:00,39.33333333,41.30398077767476
27-05-2025 12:00:00,39.06666667,39.448306911677335
27-05-2025 13:00:00,38.8,37.17079043727011
27-05-2025 14:00:00,36.73333333,35.041476895233856
27-05-2025 15:00:00,34.66666667,34.44309691940139
27-05-2025 16:00:00,32.6,28.041604032164834
27-05-2025 17:00:00,29.66666667,27.30016296345679
27-05-2025 18:00:00,26.73333333,28.78580889846796
27-05-2025 19:00:00,23.8,26.767424618755655
27-05-2025 20:00:00,24.86666667,23.932121000591007
27-05-2025 21:00:00,25.93333333,27.707526511773203
27-05-2025 22:00:00,27.0,26.898892889102296
27-05-2025 23:00:00,26.06666667,31.66493370350381
28-05-2025 00:00:00,25.13333333,27.27870180252633
28-05-2025 01:00:00,24.2,23.97670339120524
28-05-2025 02:00:00,25.66666667,23.68827883851991
28-05-2025 03:00:00,27.13333333,23.975485454740696
28-05-2025 04:00:00,28.6,28.81796639416961
28-05-2025 05:00:00,30.13333333,28.497497792749403
28-05-2025 06:00:00,31.66666667,29.355628299921644
28-05-2025 07:00:00,33.2,32.974444925672
28-05-2025 08:00:00,34.06666667,31.582856617208886
28-05-2025 09:00:00,34.93333333,37.05122418682654
28-05-2025 10:00:00,35.8,37.145117652185704
28-05-2025 11:00:00,34.73333333,35.92203160379731
28-05-2025 12:00:00,33.66666667,35.74144737814348
28-05-2025 13:00:00,32.6,33.3868354324509
28-05-2025 14:00:00,30.33333333,29.377365627946237
28-05-2025 15:00:00,28.06666667,30.435765639166423
28-05-2025 16:00:00,25.8,26.859964967257916
28-05-2025 17:00:00,25.86666667,24.47738878482253
28-05-2025 18:00:00,25.93333333,25.27234543324948
28-05-2025 19:00:00,26.0,24.157263620844123
28-05-2025 20:00:00,25.53333333,22.61522053227656
28-05-2025 21:00:00,25.06666667,26.206092494536588
28-05-2025 22:00:00,24.6,27.689332835717533
28-05-2025 23:00:00,24.66666667,21.482889889864524
29-05-2025 00:00:00,24.73333333,25.625347411465423
29-05-2025 01:00:00,24.8,23.15801485841509
29-05-2025 02:00:00,25.46666667,24.514924681161233
29-05-2025 03:00:00,26.13333333,24.249558143250773
29-05-2025 04:00:00,26.8,25.197175203525244
29-05-2025 05:00:00,28.2,28.488205089851995
29-05-2025 06:00:00,29.6,26.969634674189546
29-05-2025 07:00:00,31.0,31.489265977836087
29-05-2025 08:00:00,32.06666667,32.40139709460523
29-05-2025 09:00:00,33.13333333,31.862985491373948
29-05-2025 10:00:00,34.2,33.23581714550046
29-05-2025 11:00:00,34.0,32.96402070458697
29-05-2025 12:00:00,33.8,34.60013251415928
29-05-2025 13:00:00,33.6,34.282500453774716
29-05-2025 14:00:00,32.33333333,30.63461046085091
29-05-2025 15:00:00,31.06666667,31.096929571020514
29-05-2025 16:00:00,29.8,31.24616589044811
29-05-2025 17:00:00,29.06666667,25.415412537007047
29-05-2025 18:00:00,28.33333333,29.230316935537026
29-05-2025 19:00:00,27.6,25.60493182233541
29-05-2025 20:00:00,27.06666667,27.897826945452863
29-05-2025 21:00:00,26.53333333,24.59790522934735
29-05-2025 22:00:00,26.0,22.239945307409556
29-05-2025 23:00:00,24.46666667,21.819050808795737
30-05-2025 00:00:00,22.93333333,23.276346302234842
30-05-2025 01:00:00,21.4,21.949943982970783
30-05-2025 02:00:00,22.66666667,20.48428613072519
30-05-2025 03:00:00,23.93333333,24.835619505870035
30-05-2025 04:00:00,25.2,22.491019924563695
30-05-2025 05:00:00,27.13333333,26.90816636818038
30-05-2025 06:00:00,29.06666667,27.739601119594706
30-05-2025 07:00:00,31.0,29.81235877927338
30-05-2025 08:00:00,31.86666667,31.85648630728457
30-05-2025 09:00:00,32.73333333,30.8018662132684
30-05-2025 10:00:00,33.6,32.763865076804834
30-05-2025 11:00:00,30.46666667,32.04826407973349
30-05-2025 12:00:00,27.33333333,26.417730903988055
30-05-2025 13:00:00,24.2,25.945893675117947
30-05-2025 14:00:00,24.2,21.686862079279884
30-05-2025 15:00:00,24.2,24.512917150659163
30-05-2025 16:00:00,24.2,25.98716342288453
30-05-2025 17:00:00,24.13333333,19.660578488907696
30-05-2025 18:00:00,24.06666667,22.043969870033866
30-05-2025 19:00:00,24.0,24.093572042103204
30-05-2025 20:00:00,23.73333333,23.362979307321186
30-05-2025 21:00:00,23.46666667,24.9253920390588
30-05-2025 22:00:00,23.2,21.952016394704067
30-05-2025 23:00:00,22.86666667,23.18810983680767
31-05-2025 00:00:00,22.53333333,22.140357633576038
31-05-2025 01:00:00,22.2,24.16511165566099
31-05-2025 02:00:00,23.26666667,23.927453019708924
31-05-2025 03:00:00,24.33333333,24.690925049786145
31-05-2025 04:00:00,25.4,24.59946644625129
31-05-2025 05:00:00,27.53333333,26.61413417317242
31-05-2025 06:00:00,29.66666667,28.382801405534895
31-05-2025 07:00:00,31.8,32.82600424684064
31-05-2025 08:00:00,32.93333333,31.87286502292148
31-05-2025 09:00:00,34.06666667,33.98362335623478
31-05-2025 10:00:00,35.2,39.07927333418962
31-05-2025 11:00:00,34.86666667,35.75370611795755
31-05-2025 12:00:00,34.53333333,33.74317404517409
31-05-2025 13:00:00,34.2,36.18397798260005
31-05-2025 14:00:00,32.93333333,32.55170493962378
31-05-2025 15:00:00,31.66666667,27.985125953921166
31-05-2025 16:00:00,30.4,28.360182177217403
31-05-2025 17:00:00,29.86666667,26.650075702057485
31-05-2025 18:00:00,29.33333333,29.15588828997465
31-05-2025 19:00:00,28.8,28.912155214067123
31-05-2025 20:00:00,28.46666667,31.36351031652817
31-05-2025 21:00:00,28.13333333,27.97770040716641
31-05-2025 22:00:00,27.8,26.763134862247018
31-05-2025 23:00:00,27.46666667,28.68384875865588
01-06-2025 00:00:00,27.13333333,22.664484271129712
01-06-2025 01:00:00,26.8,26.988707490680053
01-06-2025 02:00:00,26.93333333,28.203043690694205
01-06-2025 03:00:00,27.06666667,24.424815676484993
01-06-2025 04:00:00,27.2,29.095569645132766
01-06-2025 05:00:00,29.2,29.865653790580478
01-06-2025 06:00:00,31.2,30.283009501770557
01-06-2025 07:00:00,33.2,33.120655055095064
01-06-2025 08:00:00,34.13333333,37.57214059963367
01-06-2025 09:00:00,35.06666667,35.10685280534536
01-06-2025 10:00:00,36.0,35.548451753493
01-06-2025 11:00:00,36.13333333,35.41648675495175
01-06-2025 12:00:00,36.26666667,35.36900526342685
01-06-2025 13:00:00,36.4,38.39761695952532
01-06-2025 14:00:00,34.73333333,32.84046673750337
01-06-2025 15:00:00,33.06666667,33.77473711086819
01-06-2025 16:00:00,31.4,30.409692286669888
01-06-2025 17:00:00,30.66666667,31.19310165538555
01-06-2025 18:00:00,29.93333333,30.07185281680149
01-06-2025 19:00:00,29.2,30.780260722344266
01-06-2025 20:00:00,28.6,27.318477250783864
01-06-2025 21:00:00,28.0,27.411631697892943
01-06-2025 22:00:00,27.4,25.513222868823796
01-06-2025 23:00:00,26.86666667,25.892184809061423
02-06-2025 00:00:00,26.33333333,27.044530409415152
02-06-2025 01:00:00,25.8,27.511790282241993
02-06-2025 02:00:00,27.06666667,25.62150484713973
02-06-2025 03:00:00,28.33333333,29.087225116890536
02-06-2025 04:00:00,29.6,30.70596293977115
02-06-2025 05:00:00,31.33333333,32.361000233982345
02-06-2025 06:00:00,33.06666667,35.58439400508696
02-06-2025 07:00:00,34.8,33.050759694477335
02-06-2025 08:00:00,35.2,32.06091932567556
02-06-2025 09:00:00,35.6,31.119688822747595
02-06-2025 10:00:00,36.0,38.824759951504674
02-06-2025 11:00:00,35.4,36.805902166214594
02-06-2025 12:00:00,34.8,34.17077736781423
02-06-2025 13:00:00,34.2,33.10619328810127
02-06-2025 14:00:00,32.73333333,30.194717839597367
02-06-2025 15:00:00,31.26666667,35.741993685343694
02-06-2025 16:00:00,29.8,29.159816811818317
02-06-2025 17:00:00,29.0,29.107705912886733
02-06-2025 18:00:00,28.2,29.348764855666957
02-06-2025 19:00:00,27.4,28.363323377814876
02-06-2025 20:00:00,27.0,27.296076005967986
02-06-2025 21:00:00,26.6,24.584430729644048
02-06-2025 22:00:00,26.2,27.397307767384206
02-06-2025 23:00:00,26.13333333,29.35004700870089
03-06-2025 00:00:00,26.06666667,28.35679016121623
03-06-2025 01:00:00,26.0,28.371880506652847
03-06-2025 02:00:00,27.53333333,26.23860835511661
03-06-2025 03:00:00,29.06666667,26.674818799463306
03-06-2025 04:00:00,30.6,30.100684334242786
03-06-2025 05:00:00,31.93333333,32.703930327844226
03-06-2025 06:00:00,33.26666667,34.345322904796205
03-06-2025 07:00:00,34.6,30.414704737260895
03-06-2025 08:00:00,34.6,37.9900566489569
03-06-2025 09:00:00,34.6,33.98699995443125
03-06-2025 10:00:00,34.6,33.24437780012783
03-06-2025 11:00:00,33.06666667,31.558113619306436
03-06-2025 12:00:00,31.53333333,28.01481645618403
03-06-2025 13:00:00,30.0,32.18728837424183
03-06-2025 14:00:00,29.13333333,29.402020784764623
03-06-2025 15:00:00,28.26666667,25.518641766223
03-06-2025 16:00:00,27.4,25.798182132942912
03-06-2025 17:00:00,27.53333333,26.488796505747363
03-06-2025 18:00:00,27.66666667,30.874076429238336
03-06-2025 19:00:00,27.8,27.287630907102297
03-06-2025 20:00:00,27.46666667,25.115476830184335
03-06-2025 21:00:00,27.13333333,27.187559590282262
03-06-2025 22:00:00,26.6,25.9529594176779
03-06-2025 23:00:00,26.2,20.79807935473166
04-06-2025 00:00:00,26.13333333,26.06471670348741
04-06-2025 01:00:00,26.06666667,25.207039558072964
04-06-2025 02:00:00,26.0,27.940759981696658
04-06-2025 03:00:00,27.53333333,30.805880194734215
04-06-2025 04:00:00,29.06666667,30.78231013722615
04-06-2025 05:00:00,30.6,30.011718169386707
04-06-2025 06:00:00,31.93333333,29.037522849684958
04-06-2025 07:00:00,33.26666667,37.2599735696877
04-06-2025 08:00:00,34.6,35.15386131183252
04-06-2025 09:00:00,34.6,34.05700882438665
04-06-2025 10:00:00,34.6,33.77449013876161
04-06-2025 11:00:00,34.6,35.04536828049691
04-06-2025 12:00:00,33.06666667,33.2207802775998
04-06-2025 13:00:00,31.53333333,30.650768593032666
04-06-2025 14:00:00,30.0,29.289418024194735
04-06-2025 15:00:00,29.13333333,28.548518158346624
04-06-2025 16:00:00,28.26666667,26.467060945560377
04-06-2025 17:00:00,27.4,26.579123783272596
04-06-2025 18:00:00,27.53333333,27.420315716784565
04-06-2025 19:00:00,27.66666667,26.922735718643583
04-06-2025 20:00:00,27.8,30.96353796871231
04-06-2025 21:00:00,27.46666667,22.693663953999465
04-06-2025 22:00:00,27.13333333,29.159222520217625
04-06-2025 23:00:00,28.04166667,31.107536174871225
05-06-2025 00:00:00,28.03333333,23.787241200936165
05-06-2025 01:00:00,28.025,27.638369121555264
05-06-2025 02:00:00,28.01666667,27.192404360975807
05-06-2025 03:00:00,28.00833333,25.383261575908357
05-06-2025 04:00:00,28.0,27.08293455811649
05-06-2025 05:00:00,29.4,27.42638926157333
05-06-2025 06:00:00,30.8,34.078469921285816
05-06-2025 07:00:00,32.2,34.26033438385394
05-06-2025 08:00:00,33.6,35.52761417754727
05-06-2025 09:00:00,35.0,35.643816322688764
05-06-2025 10:00:00,36.4,33.51490583343435
05-06-2025 11:00:00,36.13333333,33.83412652147701
05-06-2025 12:00:00,35.86666667,37.70777248393178
05-06-2025 13:00:00,35.6,32.52990680341958
05-06-2025 14:00:00,34.33333333,35.30890672259772
05-06-2025 15:00:00,33.06666667,32.2822040755841
05-06-2025 16:00:00,31.8,31.075912977701204
05-06-2025 17:00:00,31.0,32.51074265700336
05-06-2025 18:00:00,30.2,31.23893193342611
05-06-2025 19:00:00,29.4,28.29088450248261
05-06-2025 20:00:00,28.93333333,30.800942323565703
05-06-2025 21:00:00,28.46666667,26.44395266725367
05-06-2025 22:00:00,28.0,28.846081896482453
05-06-2025 23:00:00,28.0,29.624384338355963
06-06-2025 00:00:00,28.0,27.480728453738312
06-06-2025 01:00:00,28.0,28.75077448518307
06-06-2025 02:00:00,27.86666667,25.701183287063742
06-06-2025 03:00:00,27.73333333,29.76774960522674
06-06-2025 04:00:00,27.6,27.172939332661898
06-06-2025 05:00:00,27.2,25.52221696151153
06-06-2025 06:00:00,26.8,28.724021094167092
06-06-2025 07:00:00,26.4,24.680203350703
06-06-2025 08:00:00,28.86666667,25.875214502269543
06-06-2025 09:00:00,31.33333333,28.586876765130846
06-06-2025 10:00:00,33.8,35.363462824697514
06-06-2025 11:00:00,33.93333333,31.397761802885466
06-06-2025 12:00:00,34.06666667,37.234553360715125
06-06-2025 13:00:00,34.2,31.104592609980617
06-06-2025 14:00:00,33.0,36.02697036341021
06-06-2025 15:00:00,31.8,33.29831670990071
06-06-2025 16:00:00,30.6,30.510411847597283
06-06-2025 17:00:00,29.53333333,27.537018464834244
06-06-2025 18:00:00,28.46666667,29.361826790561995
06-06-2025 19:00:00,27.4,27.32936454834153
06-06-2025 20:00:00,27.0,29.402564561618867
06-06-2025 21:00:00,26.6,26.929591575995808
06-06-2025 22:00:00,26.2,26.258147568504857
06-06-2025 23:00:00,26.03333333,24.70713897703894
07-06-2025 00:00:00,26.03333333,25.684922858678746
07-06-2025 01:00:00,26.025,26.08013395066344
07-06-2025 02:00:00,26.01666667,22.493129424797274
07-06-2025 03:00:00,26.00833333,23.62657768739043
07-06-2025 04:00:00,26.0,27.88587982380765
07-06-2025 05:00:00,27.4,27.716430773811194
07-06-2025 06:00:00,28.8,27.745109237925988
07-06-2025 07:00:00,30.2,30.262160108564974
07-06-2025 08:00:00,31.6,32.64039045788017
07-06-2025 09:00:00,33.0,31.495353271474578
07-06-2025 10:00:00,34.4,32.695581481302504
07-06-2025 11:00:00,34.13333333,34.29231795983624
07-06-2025 12:00:00,33.86666667,31.452935303523727
07-06-2025 13:00:00,33.6,34.486356286397786
07-06-2025 14:00:00,32.33333333,28.962389678287213
07-06-2025 15:00:00,31.06666667,32.965431641323
07-06-2025 16:00:00,29.8,30.065754545318924
07-06-2025 17:00:00,29.0,29.091722134766744
07-06-2025 18:00:00,28.2,30.14679013356234
07-06-2025 19:00:00,27.4,30.11734802860043
07-06-2025 20:00:00,26.93333333,29.3581512881932
07-06-2025 21:00:00,26.46666667,22.77286890691393
07-06-2025 22:00:00,26.0,23.594366332012797
07-06-2025 23:00:00,26.0,25.0819660754168
